Name,Exchange,Maker,Months,Contracts,Code,Ticked
0D,CME,Mini European 3.5% Fuel Oil Barges FOB Rdam (Platts),FGHJKMNQUVXZ,5,CHRIS/CME_0D,FALSE
0F,CME,Mini Singapore Fuel Oil 180 cst (Platts),HJKMNQUVXZ,2,CHRIS/CME_0F,FALSE
1MF,SGX,Platts Singapore Fuel Oil 180cst Index,FGHJKMNQUVXZ,3,CHRIS/SGX_1MF,FALSE
1N,CME,Singapore Mogas 92 Unleaded (Platts),FGHJKMNQUVXZ,4,CHRIS/CME_1N,FALSE
1NB,CME,Singapore Mogas 92 Unleaded (Platts) Brent Crack Spread,HJKMNQU,4,CHRIS/CME_1NB,FALSE
1R,CME,Propane Non-LDH Mont Belvieu (OPIS),FGHJKMNQUVXZ,2,CHRIS/CME_1R,FALSE
1U,CME,NY Jet Fuel (Platts) vs. NY Harbor ULSD,HJKMNQU,4,CHRIS/CME_1U,FALSE
3MF,SGX,Platts Singapore Fuel Oil 380cst Index,FGHJKMNQUVXZ,2,CHRIS/SGX_3MF,FALSE
46,CME,PJM METED Zone Off-Peak Calendar-Month Day-Ahead LMP,FGHJKMNQUVXZ,12,CHRIS/CME_46,FALSE
47,CME,PJM METED Zone Peak Calendar-Month Day-Ahead LMP,FGHJKMNQUVXZ,2,CHRIS/CME_47,FALSE
4L,CME,NYISO Zone F 5 MW Peak Calendar-Month Day-Ahead LBMP,HJKMNQUVXZ,2,CHRIS/CME_4L,FALSE
4M,CME,NYISO Zone F 5 MW Off-Peak Calendar-Month Day-Ahead LBMP,HJKMNQUVXZ,10,CHRIS/CME_4M,FALSE
4N,CME,PJM PECO Zone 5 MW Peak Calendar-Month Day-Ahead LMP,FGHJKMNQUVXZ,2,CHRIS/CME_4N,FALSE
4P,CME,PJM PECO Zone 5 MW Off-Peak Calendar-Month Day-Ahead LMP,FGHJKMNQUVXZ,16,CHRIS/CME_4P,FALSE
58,CME,NYISO Zone E 5 MW Off-Peak Calendar-Month Day-Ahead LBMP,FGHJKMNQUVXZ,12,CHRIS/CME_58,FALSE
5C,CME,Chicago ULSD (Platts) vs. NY Harbor ULSD,FGHJKMNQUVXZ,2,CHRIS/CME_5C,FALSE
5Z,CME,Columbia Gulf Mainline Natural Gas (Platts IFERC) Basis,FGHJKMNQUVXZ,9,CHRIS/CME_5Z,FALSE
6T,CME,In Delivery Month European Union Allowance (EUA),HMUZ,6,CHRIS/CME_6T,FALSE
6Z,CME,Tennessee 800 Leg Natural Gas (Platts IFERC) Basis,JKUVX,2,CHRIS/CME_6Z,FALSE
71,CME,Ethanol Forward Month,FGHJKMNQUVXZ,2,CHRIS/CME_71,FALSE
7H,CME,Gasoline Euro-bob Oxy NWE Barges (Argus),FGHJKMNQUVXZ,5,CHRIS/CME_7H,FALSE
7K,CME,Gasoline Euro-bob Oxy NWE Barges (Argus) Crack Spread,FGHJKMNQUVXZ,10,CHRIS/CME_7K,FALSE
7Q,CME,Mont Belvieu Natural Gasoline (OPIS),FGHJKMNQUVXZ,3,CHRIS/CME_7Q,FALSE
7Y,CME,NY ULSD (Argus) vs. NY Harbor ULSD,FGHJKMNQUVXZ,2,CHRIS/CME_7Y,FALSE
8I,CME,Mont Belvieu Iso-Butane (OPIS),FGHJKMNQUVXZ,2,CHRIS/CME_8I,FALSE
8Z,CME,Southern Star Tx.-Okla.-Kan. Natural Gas (Platts IFERC) Basis,FGHJKMNQUVXZ,2,CHRIS/CME_8Z,FALSE
9F,CME,Texas Gas Zone 1 Natural Gas (Platts IFERC) Basis,FGHJKMNQUVXZ,2,CHRIS/CME_9F,FALSE
A3,CME,NYISO Zone C 5 MW Off-Peak Calendar-Month Day-Ahead LBMP,FGHJKMNQUVXZ,34,CHRIS/CME_A3,FALSE
A5,CME,EIA Flat Tax On-Highway Diesel,FGHJKMNQUVXZ,2,CHRIS/CME_A5,FALSE
A6,CME,Group Three ULSD (Platts) vs. NY Harbor ULSD,FGHJKMNQUVXZ,10,CHRIS/CME_A6,FALSE
AB,ODE,Azuki Beans,FGHJKMNQUVXZ,2,CHRIS/ODE_AB,FALSE
ABY,CME,WTI-Brent Bullet,FGHJKMNQUVXZ,4,CHRIS/CME_ABY,FALSE
AD,CME,Australian Dollar,HMUZ,2,CHRIS/CME_AD,FALSE
AFF,CME,WTI Midland (Argus) vs. WTI Financial,HJKMNQUVXZ,10,CHRIS/CME_AFF,FALSE
AFR,ICE,Richards Bay Coal,FGHJKMNQUVXZ,6,CHRIS/ICE_AFR,FALSE
AFR,ICE,Richards Bay Coal,FGHJKMNQUVXZ,6,CHRIS/ICE_AFR,FALSE
AG,MCX,Silver 1000,FGHJKMNQUVXZ,2,CHRIS/MCX_AG,FALSE
AG,SHFE,Silver,FGHJKMNQUVXZ,11,CHRIS/SHFE_AG,FALSE
AGA,CME,Singapore Gasoil (Platts) vs. Gasoil,HJKMNQUVXZ,10,CHRIS/CME_AGA,FALSE
AGM,MCX,Silver Micro,FGHJKMNQUVXZ,2,CHRIS/MCX_AGM,FALSE
AL,SHFE,Aluminium,FGHJKMNQUVXZ,11,CHRIS/SHFE_AL,FALSE
AL,MCX,Aluminium,FGHJKMNQUVXZ,2,CHRIS/MCX_AL,FALSE
ALM,MCX,Aluminium Mini,FGHJKMNQUVXZ,2,CHRIS/MCX_ALM,FALSE
AP,ASX,SPI 200 Index,HMUZ,2,CHRIS/ASX_AP,FALSE
AP,SGX,MSCI Asia APEX 50 Index,FGHJKMNQUVXZ,2,CHRIS/SGX_AP,FALSE
AR,ICE,AUSTRALIAN DOLLAR/NEW ZEALAND DOLLAR,MUZ,2,CHRIS/ICE_AR,FALSE
ARW,CME,Gulf Coast Unl 87 Gasoline M1 (Platts) Crack Spread,HJKMNQU,2,CHRIS/CME_ARW,FALSE
ATW,ICE,Rotterdam Coal,FGHJKMNQUVXZ,5,CHRIS/ICE_ATW,FALSE
ATW,ICE,Rotterdam Coal,FGHJKMNQUVXZ,5,CHRIS/ICE_ATW,FALSE
AU,SHFE,Gold,FGHJKMNQUVXZ,9,CHRIS/SHFE_AU,FALSE
AW,CME,Dow Jones-UBS Commodity Index,HMUZ,2,CHRIS/CME_AW,FALSE
AXF,LIFFE,AEX Dividend Index,Z,2,CHRIS/LIFFE_AXF,FALSE
B,MCX,Brent Crude Oil,FGHJKZ,1,CHRIS/MCX_B,FALSE
B,ICE,Brent Crude Oil,FGHJKMNQUVXZ,25,CHRIS/ICE_B,FALSE
B0,CME,Mont Belvieu LDH Propane (OPIS),FGHJKMNQUVXZ,11,CHRIS/CME_B0,FALSE
B3,CME,PJM Northern Illinois Hub 5 MW Peak Calendar-Month Real-Time LMP,FGHJKMNQUVXZ,30,CHRIS/CME_B3,FALSE
B4,CME,Algonquin City-Gates Natural Gas (Platts IFERC) Basis,FGHJKMNQUVXZ,7,CHRIS/CME_B4,FALSE
B6,CME,PJM Northern Illinois Hub Real-Time Off-Peak Calendar-Month 5 MW,FGHJKMNQUVXZ,34,CHRIS/CME_B6,FALSE
BAX,MX,3-Month Canadian Bankers Acceptance,FGHJKMNQUVXZ,2,CHRIS/MX_BAX,FALSE
BB,CME,Brent Crude Oil,FGHJKMNQUVXZ,5,CHRIS/CME_BB,FALSE
BB,ASX,90-day New Zealand Bank Bills,HMUZ,2,CHRIS/ASX_BB,FALSE
BK,CME,WTI-Brent Financial,FGHJKMNQUVXZ,34,CHRIS/CME_BK,FALSE
BO,CME,Soybean Oil,FHKNQUVZ,10,CHRIS/CME_BO,FALSE
BOB,CME,3.5% Fuel Oil Barges FOB Rdam (Platts) Crack Spread (1000mt),FGHJKMNQUVXZ,2,CHRIS/CME_BOB,FALSE
BP,CME,British Pound,HMUZ,2,CHRIS/CME_BP,FALSE
BPB,ICE,Endex Belgian Power Base Load,FGHJKMNQUVXZ,2,CHRIS/ICE_BPB,FALSE
BR,CME,Brazilian Real,FGHJKMNQUVXZ,4,CHRIS/CME_BR,FALSE
BW,ICE,Barley,HKNVZ,2,CHRIS/ICE_BW,FALSE
BW,ICE,Barley,HKNVZ,2,CHRIS/ICE_BW,FALSE
BXF,LIFFE,BEL 20 Index,FGHJKMNQUVXZ,2,CHRIS/LIFFE_BXF,FALSE
BY,CME,British Pound/Japanese Yen,HMUZ,2,CHRIS/CME_BY,FALSE
BZ,CME,Brent Look-Alike,FGHJKMNQUVXZ,16,CHRIS/CME_BZ,FALSE
C,LIFFE,Cocoa,HUZ,4,CHRIS/LIFFE_C,FALSE
C,CME,Corn,HKNUZ,11,CHRIS/CME_C,FALSE
C,ICE,EUA,FGHJKMNQUVXZ,16,CHRIS/ICE_C,FALSE
C,ICE,EUA ,FGHJKMNQUVXZ,16,CHRIS/ICE_C,FALSE
C0,CME,Mont Belvieu Ethane (OPIS),FGHJKMNQUVXZ,10,CHRIS/CME_C0,FALSE
C75,ODE,Corn75 Index,FHKNUX,5,CHRIS/ODE_C75,FALSE
CB,CME,Cash-settled Butter,FGHJKMNQUVXZ,7,CHRIS/CME_CB,FALSE
CC,ICE,Cocoa,HKNUZ,6,CHRIS/ICE_CC,FALSE
CD,CME,Canadian Dollar,HMUZ,4,CHRIS/CME_CD,FALSE
CER,ICE,CER Emissions,HJKMUZ,5,CHRIS/ICE_CER,FALSE
CEU,ICE,ECX EUAA,HJKMUZ,2,CHRIS/ICE_CEU,FALSE
CFF,SGX,China Coal Index,FGHJKMNQUVXZ,5,CHRIS/SGX_CFF,FALSE
CGB,MX,10-year Canadian Bond,HMUZ,2,CHRIS/MX_CGB,FALSE
CGF,MX,5-year Canadian Bond,HMUZ,2,CHRIS/MX_CGF,FALSE
CGZ,MX,2-year Canadian Bond,HMUZ,2,CHRIS/MX_CGZ,FALSE
CI,CME,CIG Rockies Natural Gas (Platts IFERC) Basis,FGHJKMNQUVXZ,2,CHRIS/CME_CI,FALSE
CIF,SGX,IHS McCloskey Indonesian Sub-Bit FOB Index Futures,FGHJKMNQUVXZ,2,CHRIS/SGX_CIF,FALSE
CL,MCX,Crude Oil,FGHJKZ,4,CHRIS/MCX_CL,FALSE
CL,CME,WTI Crude Oil,FGHJKMNQUVXZ,38,CHRIS/CME_CL,FALSE
CN,SGX,FTSE China A50 Index,FGHJKMNQUVXZ,2,CHRIS/SGX_CN,FALSE
CNH,CME,Standard-Size USD/Offshore RMB (CNH),FGHJKMNQUVXZ,2,CHRIS/CME_CNH,FALSE
CONF,EUREX,CONF,HMUZ,2,CHRIS/EUREX_CONF,FALSE
CPO,CME,Crude Palm Oil,FHKMNQUX,2,CHRIS/CME_CPO,FALSE
CRDM,MCX,Cardamom,FGHJZ,3,CHRIS/MCX_CRDM,FALSE
CS,CME,WTI Financial,FGHJKMNQUVXZ,34,CHRIS/CME_CS,FALSE
CSC,CME,Cash-Settled Cheese,FGHJKMNQUVXZ,10,CHRIS/CME_CSC,FALSE
CT,MCX,Cotton,FGHJZ,3,CHRIS/MCX_CT,FALSE
CT,ICE,Cotton,HKNVZ,6,CHRIS/ICE_CT,FALSE
CU,CME,Chicago Ethanol (Platts),FGHJKMNQUVXZ,13,CHRIS/CME_CU,FALSE
CU,MCX,Copper,GJMQVZ,2,CHRIS/MCX_CU,FALSE
CU,SHFE,Copper,FGHJKMNQUVXZ,11,CHRIS/SHFE_CU,FALSE
CUM,MCX,Copper Mini,FGHJKMNQUVXZ,2,CHRIS/MCX_CUM,FALSE
CY,CME,Brent Financial,FGHJKMNQUVXZ,22,CHRIS/CME_CY,FALSE
CZ,CME,Transco Zone 3 Natural Gas (Platts IFERC) Basis,FGHJKMNQUVXZ,2,CHRIS/CME_CZ,FALSE
D0,CME,Mont Belvieu Normal Butane (OPIS),FGHJKMNQUVXZ,10,CHRIS/CME_D0,FALSE
D2,CME,NYISO Zone G Day-Ahead Off-Peak Calendar-Month 5 MW,FGHJKMNQUVXZ,34,CHRIS/CME_D2,FALSE
D3,CME,NYISO Zone J Day-Ahead Peak Calendar-Month 5 MW,FGHJKMNQUVXZ,10,CHRIS/CME_D3,FALSE
D4,CME,NYISO Zone J Day-Ahead Off-Peak Calendar-Month 5 MW,FGHJKMNQUVXZ,34,CHRIS/CME_D4,FALSE
D6,CME,PJM Duquesne Zone 5 MW Off-Peak Calendar-Month Day-Ahead LMP,HJKMNQUVXZ,2,CHRIS/CME_D6,FALSE
D7,CME,PJM AEP Dayton Hub Day-Ahead LMP Peak Calendar-Month 5 MW,FGHJKMNQUVXZ,22,CHRIS/CME_D7,FALSE
D8,CME,PJM ComEd Zone 5 MW Peak Calendar-Month Day-Ahead LMP,FGHJKMNQUVXZ,2,CHRIS/CME_D8,FALSE
D9,CME,PJM ComEd Zone 5 MW Off-Peak Calendar-Month Day-Ahead LMP,FGHJKMNQUVXZ,22,CHRIS/CME_D9,FALSE
DA,CME,Class III Milk,FGHJKMNQUVXZ,10,CHRIS/CME_DA,FALSE
DB,CME,Brent Crude Oil vs. Dubai Crude Oil (Platts),FGHJKMNQUVXZ,2,CHRIS/CME_DB,FALSE
DC,CME,Dubai Crude Oil (Platts) Financial,HJKMNQUVXZ,2,CHRIS/CME_DC,FALSE
DJ,CME,Full-Size Dow Jones,HMUZ,2,CHRIS/CME_DJ,FALSE
DJIA,OSE,OSE DJIA,HMUZ,4,CHRIS/OSE_DJIA,FALSE
DK,CME,Class IV Milk,FGHJKMNQUVXZ,10,CHRIS/CME_DK,FALSE
DPA,ICE,Endex Dutch Power Peak Load (8-20) Futures,FGHJKMNQUVXZ,2,CHRIS/ICE_DPA,FALSE
DPB,ICE,Endex Dutch Power Base Load,FGHJKMNQUVXZ,2,CHRIS/ICE_DPB,FALSE
DW,ICE,Durum Wheat,HKNVZ,11,CHRIS/ICE_DW,FALSE
DW,ICE,Durum Wheat,HKNVZ,11,CHRIS/ICE_DW,FALSE
DX,ICE,US Dollar Index,HMUZ,2,CHRIS/ICE_DX,FALSE
DY,CME,Dry Whey,FGHJKMNQUVXZ,2,CHRIS/CME_DY,FALSE
E3,CME,PJM BGE Zone Peak Calendar-Month Day-Ahead LMP,FGHJKMNQUVXZ,2,CHRIS/CME_E3,FALSE
E4,CME,PJM Western Hub Day-Ahead Off-Peak Calendar-Month 5 MW,FGHJKMNQUVXZ,51,CHRIS/CME_E4,FALSE
E5,CME,Argus LLS vs. WTI (Argus) Trade Month,FJKMNQUVXZ,2,CHRIS/CME_E5,FALSE
E7,CME,E-mini Euro FX,MU,2,CHRIS/CME_E7,FALSE
E8,CME,PJM DPL Zone Off-Peak Calendar-Month Day-Ahead LMP,HJK,3,CHRIS/CME_E8,FALSE
EBM,LIFFE,Milling Wheat,FHKUXZ,6,CHRIS/LIFFE_EBM,FALSE
EC,CME,Euro FX,HMUZ,2,CHRIS/CME_EC,FALSE
ECO,LIFFE,Rapeseed,GKQX,9,CHRIS/LIFFE_ECO,FALSE
ED,SGX,Eurodollar,FGHJKMNQUVXZ,4,CHRIS/SGX_ED,FALSE
ED,CME,3-month Eurodollar,HJKMNQUZ,37,CHRIS/CME_ED,FALSE
EH,CME,Ethanol,FGHJKMNQUVXZ,4,CHRIS/CME_EH,FALSE
EJ,CME,MISO Indiana Hub (formerly Cinergy Hub) Off-Peak LMP,FGHJKMNQUVXZ,2,CHRIS/CME_EJ,FALSE
EL,SGX,Euroyen LIBOR,HMUZ,2,CHRIS/SGX_EL,FALSE
EM,CME,1-month Eurodollar,FGHJKMNQUVXZ,3,CHRIS/CME_EM,FALSE
EMA,LIFFE,Corn,FHMQX,10,CHRIS/LIFFE_EMA,FALSE
EN,CME,European Naphtha (Platts) Crack Spread,FGHJKMNQUVXZ,10,CHRIS/CME_EN,FALSE
EO3,LIFFE,3-month EONIA Swap,FGHMUZ,2,CHRIS/LIFFE_EO3,FALSE
EOB,LIFFE,Malting Barley,FHKX,9,CHRIS/LIFFE_EOB,FALSE
EON,LIFFE,1-month EONIA,FGHJKMNQUVXZ,2,CHRIS/LIFFE_EON,FALSE
EPE,LIFFE,FTSE EPRA/NAREIT Euro Zone Index,HMUZ,2,CHRIS/LIFFE_EPE,FALSE
EPL,LIFFE,Skimmed Milk Powder,FHKNUX,2,CHRIS/LIFFE_EPL,FALSE
EPR,LIFFE,FTSE EPRA/NAREIT Europe Index,HMUZ,2,CHRIS/LIFFE_EPR,FALSE
ERU,ICE,ECX ERU Emission,HMUZ,2,CHRIS/ICE_ERU,FALSE
ES,CME,E-mini S&P 500 Index,HMUZ,4,CHRIS/CME_ES,FALSE
EW,CME,East-West Fuel Oil Spread (Platts),FGHJKMNQUVXZ,2,CHRIS/CME_EW,FALSE
EY,SGX,Euroyen TIBOR,HMUZ,2,CHRIS/SGX_EY,FALSE
EY,CME,Euroyen Tibor,HMUZ,2,CHRIS/CME_EY,FALSE
F2,CME,PJM JCPL Zone Off-Peak Calendar-Month Day-Ahead LMP,FGHJKMNQUVXZ,39,CHRIS/CME_F2,FALSE
F2CR,EUREX,CER Mid December,Z,2,CHRIS/EUREX_F2CR,FALSE
F2MX,EUREX,MDAX,HMUZ,2,CHRIS/EUREX_F2MX,FALSE
F5,CME,PJM PPL Zone Off-Peak Calendar-Month Day-Ahead LMP,FGHJKMNQUVXZ,22,CHRIS/CME_F5,FALSE
FB,SGX,Fuel Oil 380cst,FGHJKMNQUVXZ,2,CHRIS/SGX_FB,FALSE
FBTP,EUREX,Long-Term Euro-BTP,HMUZ,2,CHRIS/EUREX_FBTP,FALSE
FBTS,EUREX,Short-Term Euro-BTP,HMUZ,2,CHRIS/EUREX_FBTS,FALSE
FBUT,EUREX,Butter,FGHJKMNQUVXZ,2,CHRIS/EUREX_FBUT,FALSE
FC,CME,Feeder Cattle,FHJKQUVX,7,CHRIS/CME_FC,FALSE
FCAG,EUREX,Dow Jones-UBS Agriculture,HMUZ,2,CHRIS/EUREX_FCAG,FALSE
FCCO,EUREX,Dow Jones-UBS Commodity Index,HMUZ,2,CHRIS/EUREX_FCCO,FALSE
FCE,LIFFE,CAC40 Index,FGHJKMNQUVXZ,3,CHRIS/LIFFE_FCE,FALSE
FCEN,EUREX,Dow Jones-UBS Energy Index,HMUZ,2,CHRIS/EUREX_FCEN,FALSE
FCGR,EUREX,Dow Jones-UBS Grains,HMUZ,2,CHRIS/EUREX_FCGR,FALSE
FCIN,EUREX,Dow Jones-UBS Industrial Metals,HMUZ,2,CHRIS/EUREX_FCIN,FALSE
FCLI,EUREX,Dow Jones-UBS Livestock,HMUZ,2,CHRIS/EUREX_FCLI,FALSE
FCPE,EUREX,Dow Jones-UBS Petroleum,HMUZ,2,CHRIS/EUREX_FCPE,FALSE
FCPR,EUREX,Dow Jones-UBS Precious Metals,HMUZ,2,CHRIS/EUREX_FCPR,FALSE
FCSO,EUREX,Dow Jones-UBS Softs,HMUZ,2,CHRIS/EUREX_FCSO,FALSE
FCXE,EUREX,Dow Jones-UBS EX Energy Index,HMUZ,2,CHRIS/EUREX_FCXE,FALSE
FDAX,EUREX,DAX,HMUZ,3,CHRIS/EUREX_FDAX,FALSE
FDIV,EUREX,TecDAX,HMUZ,3,CHRIS/EUREX_FDIV,FALSE
FDM,CME,MISO Indiana Hub Day-Ahead Off-Peak Calendar-Month 5 MW,FGHJKMNQUVXZ,10,CHRIS/CME_FDM,FALSE
FEAA,EUREX,EUAA,Z,2,CHRIS/EUREX_FEAA,FALSE
FEDV,EUREX,EURO STOXX Select Dividend 30 Index,HMUZ,2,CHRIS/EUREX_FEDV,FALSE
FEF,LIFFE,FTSEUROFIRST 80 Index,HMUZ,2,CHRIS/LIFFE_FEF,FALSE
FEF,SGX,Iron Ore,FGHJKMNQUVXZ,2,CHRIS/SGX_FEF,FALSE
FEO,LIFFE,FTSEUROFIRST 100 Index,HMUZ,2,CHRIS/LIFFE_FEO,FALSE
FEO1,EUREX,1-month EONIA,FGHJKMNQUVXZ,2,CHRIS/EUREX_FEO1,FALSE
FEPP,EUREX,Potatos,JMX,2,CHRIS/EUREX_FEPP,FALSE
FERU,EUREX,ERU,Z,2,CHRIS/EUREX_FERU,FALSE
FESX,EUREX,EURO STOXX 50 Index,HMUZ,3,CHRIS/EUREX_FESX,FALSE
FEU3,EUREX,3-month EURIBOR,HMUZ,2,CHRIS/EUREX_FEU3,FALSE
FEXD,EUREX,EURO STOXX 50 Index Dividend,Z,10,CHRIS/EUREX_FEXD,FALSE
FEXF,EUREX,EURO STOXX 50 ex Financials Index,HMUZ,2,CHRIS/EUREX_FEXF,FALSE
FF,CME,30 Day Fed Funds,FGHJKMNQUVXZ,24,CHRIS/CME_FF,FALSE
FFOX,EUREX,OMXH25 Index,HMUZ,2,CHRIS/EUREX_FFOX,FALSE
FGBL,EUREX,Euro-Bund,HMUZ,2,CHRIS/EUREX_FGBL,FALSE
FGBM,EUREX,Euro-Bobl,HMUZ,2,CHRIS/EUREX_FGBM,FALSE
FGBS,EUREX,Euro-Schatz,HMUZ,2,CHRIS/EUREX_FGBS,FALSE
FGBX,EUREX,Euro-Buxl,HMUZ,2,CHRIS/EUREX_FGBX,FALSE
FH,CME,WTS (Argus) vs. WTI Trade Month,FGHJKMNQUVXZ,2,CHRIS/CME_FH,FALSE
FHOG,EUREX,Hogs,FGHJKMNQUVXZ,2,CHRIS/EUREX_FHOG,FALSE
FI,CME,1% Fuel Oil Cargoes FOB NWE (Platts) Crack Spread,HJKMNQUVXZ,2,CHRIS/CME_FI,FALSE
FMAS,EUREX,MSCI AC Asia Pacific ex Japan Index Futures,HMUZ,2,CHRIS/EUREX_FMAS,FALSE
FMCL,EUREX,MSCI Chile Index,HMUZ,2,CHRIS/EUREX_FMCL,FALSE
FMCN,EUREX,MSCI China Free Index,HMUZ,2,CHRIS/EUREX_FMCN,FALSE
FMCO,EUREX,MSCI Columbia Index,HMUZ,2,CHRIS/EUREX_FMCO,FALSE
FMCZ,EUREX,MSCI Czech Republic Index,HMUZ,2,CHRIS/EUREX_FMCZ,FALSE
FMEA,EUREX,MSCI Emerging Markets Asia Index,HMUZ,2,CHRIS/EUREX_FMEA,FALSE
FMEE,EUREX,MSCI Emerging Markets EMEA Index,HMUZ,2,CHRIS/EUREX_FMEE,FALSE
FMEL,EUREX,MSCI Emerging Markets Latin America Index,HMUZ,2,CHRIS/EUREX_FMEL,FALSE
FMEM,EUREX,MSCI Emerging Markets Index,HMUZ,2,CHRIS/EUREX_FMEM,FALSE
FMEU,EUREX,MSCI Europe Index,HMUZ,2,CHRIS/EUREX_FMEU,FALSE
FMEY,EUREX,MSCI Egypt Index,HMUZ,2,CHRIS/EUREX_FMEY,FALSE
FMFM,EUREX,MSCI Frontier Markets Index,HMUZ,2,CHRIS/EUREX_FMFM,FALSE
FMHU,EUREX,MSCI Hungary Index,HMUZ,2,CHRIS/EUREX_FMHU,FALSE
FMIN,EUREX,MSCI India Index,HMUZ,2,CHRIS/EUREX_FMIN,FALSE
FMJP,EUREX,MSCI Japan Index,HMUZ,2,CHRIS/EUREX_FMJP,FALSE
FMMA,EUREX,MSCI Morocco Index,HMUZ,2,CHRIS/EUREX_FMMA,FALSE
FMMX,EUREX,MSCI Mexico Index,HMUZ,2,CHRIS/EUREX_FMMX,FALSE
FMMY,EUREX,MSCI Malaysia Index,HMUZ,2,CHRIS/EUREX_FMMY,FALSE
FMPE,EUREX,MSCI Peru Index,HMUZ,2,CHRIS/EUREX_FMPE,FALSE
FMPH,EUREX,MSCI Philippines Index,HMUZ,2,CHRIS/EUREX_FMPH,FALSE
FMPL,EUREX,MSCI Poland Index,HMUZ,2,CHRIS/EUREX_FMPL,FALSE
FMRS,EUREX,MSCI Russia Index,HMUZ,2,CHRIS/EUREX_FMRS,FALSE
FMRU,EUREX,MSCI Russia Price Index,HMUZ,2,CHRIS/EUREX_FMRU,FALSE
FMTH,EUREX,MSCI Thailand Index,HMUZ,2,CHRIS/EUREX_FMTH,FALSE
FMWO,EUREX,MSCI World Index,HMUZ,2,CHRIS/EUREX_FMWO,FALSE
FMX,LIFFE,AMX Index,FGHJKMNQUVXZ,2,CHRIS/LIFFE_FMX,FALSE
FMZA,EUREX,MSCI South Africa Index,HMUZ,2,CHRIS/EUREX_FMZA,FALSE
FO,CME,3.5% Fuel Oil Barges FOB Rdam (Platts) Crack Spread,FGHJKMNQUVXZ,16,CHRIS/CME_FO,FALSE
FOAM,EUREX,Mid-Term Euro-OAT,HMUZ,2,CHRIS/EUREX_FOAM,FALSE
FOAT,EUREX,Euro-OAT,HMUZ,2,CHRIS/EUREX_FOAT,FALSE
FP,CME,Florida Gas Zone 3 Natural Gas (Platts IFERC) Basis,FGHJKMNQUVXZ,2,CHRIS/CME_FP,FALSE
FPIG,EUREX,Piglets,FGHJKMNQUVXZ,2,CHRIS/EUREX_FPIG,FALSE
FRDX,EUREX,RDX USD Index,HMUZ,9,CHRIS/EUREX_FRDX,FALSE
FS,CME,1% Fuel Oil Cargoes FOB NWE (Platts) vs. 3.5% Fuel Oil Barges FOB Rdam (Platts),FGHJKMNQUVXZ,2,CHRIS/CME_FS,FALSE
FS,ODE,Frozen Shrimp,FGHJKMNQUVXZ,2,CHRIS/ODE_FS,FALSE
FSLI,EUREX,SLI Swiss Leader Index,HMUZ,2,CHRIS/EUREX_FSLI,FALSE
FSMI,EUREX,SMI,HMUZ,2,CHRIS/EUREX_FSMI,FALSE
FSMM,EUREX,SMIM ,HMUZ,2,CHRIS/EUREX_FSMM,FALSE
FSMP,EUREX,Skimmed Milk Powder,FGHJKMNQUVXZ,10,CHRIS/EUREX_FSMP,FALSE
FSTX,EUREX,STOXX Europe 50 Index,HMUZ,2,CHRIS/EUREX_FSTX,FALSE
FTDX,EUREX,DivDAX,HMUZ,2,CHRIS/EUREX_FTDX,FALSE
FTI,LIFFE,AEX Index,FGHJKMNQUVXZ,4,CHRIS/LIFFE_FTI,FALSE
FTM,CME,MISO Indiana Hub Real-Time Off-Peak Calendar-Month 5 MW,FGHJKMNQUVXZ,10,CHRIS/CME_FTM,FALSE
FU,SHFE,Fuel Oil,FGHJKMNQUVXZ,2,CHRIS/SHFE_FU,FALSE
FV,CME,5 Year Treasury Note,HMUZ,2,CHRIS/CME_FV,FALSE
FVS,EUREX,VSTOXX,FGHJKMNQUVXZ,7,CHRIS/EUREX_FVS,FALSE
FWHY,EUREX,Whey Powder,FGHJKMNQUVXZ,2,CHRIS/EUREX_FWHY,FALSE
FY,CME,Dated Brent (Platts) to Frontline Brent,FGHJKMNQUVXZ,5,CHRIS/CME_FY,FALSE
G,ICE,Gasoil,FGHJKMNQUVXZ,13,CHRIS/ICE_G,FALSE
G,LIFFE,Short Gilt,HMUZ,2,CHRIS/LIFFE_G,FALSE
GA,CME,S&P-GSCI Excess Return Index,FGHJKMNQUVXZ,2,CHRIS/CME_GA,FALSE
GA,CME,S&P-GSCI Excess Return Index,FGHJKMNQUVXZ,2,CHRIS/CME_GA,FALSE
GC,CME,Gold,GHJKMQVZ,16,CHRIS/CME_GC,FALSE
GC,MCX,Gold,GJMQVZ,2,CHRIS/MCX_GC,FALSE
GCI,CME,Gulf Coast No.6 Fuel Oil 3.0% (Platts) Brent Crack Spread,FGHJKMNQUVXZ,2,CHRIS/CME_GCI,FALSE
GCU,CME,Gulf Coast No. 6 Fuel Oil 3.0% (Platts) vs. European 3.5% Fuel Oil Barges FOB Rdam (Platts),FGHJKMNQUVXZ,10,CHRIS/CME_GCU,FALSE
GD,MCX,Gold Petal New Delhi,FGHJKMNQUVXZ,2,CHRIS/MCX_GD,FALSE
GE,CME,Gulf Coast Jet Fuel (Platts),FGHJKMNQUVXZ,2,CHRIS/CME_GE,FALSE
GER,ICE,Endex German GASPOOL,FGHJKMNQUVXZ,2,CHRIS/ICE_GER,FALSE
GG,MCX,Gold Guinea,FGHJKMNQUVXZ,2,CHRIS/MCX_GG,FALSE
GI,CME,S and P Goldman Sachs Commodity Index,FGHJKMNQUVXZ,2,CHRIS/CME_GI,FALSE
GL,CME,Columbia Gulf Louisiana Natural Gas (Platts IFERC) Basis,FGHJKMNQUVXZ,12,CHRIS/CME_GL,FALSE
GM,MCX,Gold Mini,FGHJKMNQUVXZ,2,CHRIS/MCX_GM,FALSE
GNM,ICE,Endex German NCG,FGHJKMNQUVXZ,2,CHRIS/ICE_GNM,FALSE
GOF,SGX,Platts Gasoil FOB Singapore Index,FGHJKMNQUVXZ,2,CHRIS/SGX_GOF,FALSE
GP,MCX,Gold Petal,FGHJKMNQUVXZ,2,CHRIS/MCX_GP,FALSE
GRM,MCX,Guar Gum,FGZ,1,CHRIS/MCX_GRM,FALSE
GRS,MCX,Guar Seed,FHJZ,2,CHRIS/MCX_GRS,FALSE
GV,CBOE,Gold VIX,FGHJKMNQUVXZ,2,CHRIS/CBOE_GV,FALSE
GW,ASX,Greasy Wool,GJMQVZ,2,CHRIS/ASX_GW,FALSE
GY,CME,Gulf Coast ULSD (Platts) Crack Spread,FGHJKMNQUVXZ,22,CHRIS/CME_GY,FALSE
GZ,CME,European Gasoil Brent Crack Spread,HJKMNQUVXZ,10,CHRIS/CME_GZ,FALSE
H,LIFFE,Medium Gilt,HMUZ,2,CHRIS/LIFFE_H,FALSE
H2,CME,ISO New England Mass Hub Day-Ahead Off-Peak Calendar-Month 5 MW,FGHJKMNQUVXZ,46,CHRIS/CME_H2,FALSE
H3,CME,MISO Indiana Hub (formerly Cinergy Hub) 5 Month Peak Calendar-Month Real-Time,FGHJKMNQUVXZ,20,CHRIS/CME_H3,FALSE
H4,CME,MISO Indiana Hub (formerly Cinergy Hub) Real-Time Off-Peak Calendar-Month 5 MW,FGHJKMNQUVXZ,58,CHRIS/CME_H4,FALSE
H5,CME,MISO Indiana Hub (formerly Cinergy Hub) Day-Ahead Peak Calendar-Month 5 MW,FGHJKMNQUVXZ,18,CHRIS/CME_H5,FALSE
HA,CME,NY Harbor ULSD vs. Gasoil,HJKMNQUVXZ,10,CHRIS/CME_HA,FALSE
HB,CME,Henry Hub Natural Gas (Platts IFERC) Basis,FGHJKMNQUVXZ,2,CHRIS/CME_HB,FALSE
HG,CME,Copper,FGHJKMNQUVXZ,11,CHRIS/CME_HG,FALSE
HH,CME,Natural Gas (Henry Hub) Last-day Financial,FGHJKMNQUVXZ,44,CHRIS/CME_HH,FALSE
HK,SGX,MSCI Hong Kong+ Index,FGHJKMNQUVXZ,2,CHRIS/SGX_HK,FALSE
HK,CME,NY Harbor ULSD Crack Spread,FGHJKMNQUVXZ,13,CHRIS/CME_HK,FALSE
HMO,CME,MISO Michigan Hub 5 MW Off-Peak Calendar-Month Day-Ahead,FGHJKMNQUVXZ,58,CHRIS/CME_HMO,FALSE
HMW,CME,MISO Michigan Hub 5 MW Peak Calendar-Month Day-Ahead,FGHJKMNQUVXZ,2,CHRIS/CME_HMW,FALSE
HO,CME,Heating Oil,FGHJKMNQUVXZ,17,CHRIS/CME_HO,FALSE
HOB,CME,NY Harbor ULSD Brent Crack Spread,FGHJKMNQUVXZ,3,CHRIS/CME_HOB,FALSE
HP,CME,Natural Gas (Henry Hub) Penultimate Financial,FGHJKMNQUVXZ,33,CHRIS/CME_HP,FALSE
HR,CME,U.S. Midwest Domestic Hot-Rolled Coil Steel (CRU) Index,FGHJKMNQUVXZ,10,CHRIS/CME_HR,FALSE
I,LIFFE,3-month EURIBOR,FGHJKMNQUVXZ,2,CHRIS/LIFFE_I,FALSE
I3,CME,30 Year Interest Rate Swap,HMUZ,2,CHRIS/CME_I3,FALSE
I5,CME,ERCOT North 345 kV Hub 5 MW Peak,FGHJKMNQUVXZ,22,CHRIS/CME_I5,FALSE
I6,CME,ERCOT North 345 kV Hub 5 MW Off-Peak,FGHJKMNQUVXZ,34,CHRIS/CME_I6,FALSE
IB,ASX,30-day Australian Interbank Cash Rate,FGHJKMNQUVXZ,2,CHRIS/ASX_IB,FALSE
IBO,ICE,Soybean Oil,FHKNQUVZ,2,CHRIS/ICE_IBO,FALSE
IBV,CME,Ibovespa Index,GJMQVZ,2,CHRIS/CME_IBV,FALSE
IC,MGEX,National Corn Index,FGHJKMNQUVXZ,1,CHRIS/MGEX_IC,FALSE
ICN,ICE,Corn,HKNUZ,2,CHRIS/ICE_ICN,FALSE
ID,SGX,MSCI Indonesia Index,FGHJKMNQUVXZ,2,CHRIS/SGX_ID,FALSE
IH,MGEX,Hard Red Winter Wheat Index,FGHJKMNQUVXZ,1,CHRIS/MGEX_IH,FALSE
IN,CME,Henry Hub Natural Gas (Platts Gas Daily/Platts IFERC) Index,HJ,2,CHRIS/CME_IN,FALSE
IN,SGX,Nifty Index,FGHJKMNQUVXZ,2,CHRIS/SGX_IN,FALSE
IP,MGEX,Hard Red Spring Wheat Index,FGHJKMNQUVXZ,1,CHRIS/MGEX_IP,FALSE
IR,ASX,90-day Australian Bank Bills,HMUZ,2,CHRIS/ASX_IR,FALSE
IR,SGX,Indonesia SICOM OTC TSR20 Rubber,FHJKMNQUVXZ,2,CHRIS/SGX_IR,FALSE
IS,ICE,Soybean,FHKNQUX,2,CHRIS/ICE_IS,FALSE
IS,MGEX,National Soybean Index,FGHJKMNQUVXZ,1,CHRIS/MGEX_IS,FALSE
ISM,ICE,Soybean Meal,FHKNQUVZ,2,CHRIS/ICE_ISM,FALSE
IW,MGEX,Soft Red Winter Wheat Index,FGHJKMNQUVXZ,1,CHRIS/MGEX_IW,FALSE
IW,ICE,Wheat,HKNUZ,2,CHRIS/ICE_IW,FALSE
J,LIFFE,3-month TIBOR,HMUZ,2,CHRIS/LIFFE_J,FALSE
J2,CME,PJM JCPL Zone Peak Calendar-Month Day-Ahead LMP,FGHJKMNQUVXZ,2,CHRIS/CME_J2,FALSE
J4,CME,PJM Western Hub Day-Ahead Peak Calendar-Month 5 MW  ,FGHJKMNQUVXZ,33,CHRIS/CME_J4,FALSE
J7,CME,E-mini Japanese Yen,MU,2,CHRIS/CME_J7,FALSE
JB,SGX,10-year Mini Japanese Government Bond,HMUZ,2,CHRIS/SGX_JB,FALSE
JBA,TFX,3-month Euroyen,FGHJKMNQUVXZ,10,CHRIS/TFX_JBA,FALSE
JG,SGX,10-year Full-Sized Japanese Government Bond,HMUZ,2,CHRIS/SGX_JG,FALSE
JGB,LIFFE,Japanese Government Bond,HMUZ,2,CHRIS/LIFFE_JGB,FALSE
JM,CME,PJM Western Hub Real-Time Peak Calendar-Month 2.5 MW,FGHJKMNQUVXZ,12,CHRIS/CME_JM,FALSE
JP,CME,PJM Off-Peak Calendar-Month LMP,FGHJKMNQUVXZ,2,CHRIS/CME_JP,FALSE
JR,CME,Dow Jones Real Estate,HMUZ,2,CHRIS/CME_JR,FALSE
JS,CME,Los Angeles Jet (OPIS) vs. NY Harbor ULSD,HJKM,2,CHRIS/CME_JS,FALSE
JY,CME,Japanese Yen,HMUZ,2,CHRIS/CME_JY,FALSE
K2,CME,MISO Indiana Hub (formerly Cinergy Hub) Day-Ahead Off-Peak Calendar-Month 5 MW,FGHJKMNQUVXZ,58,CHRIS/CME_K2,FALSE
K3,CME,NYISO Zone A Day-Ahead Peak Calendar-Month 5 MW,FGHJKMNQUVXZ,22,CHRIS/CME_K3,FALSE
K4,CME,NYISO Zone A Day-Ahead Off-Peak Calendar-Month 5 MW,FGHJKMNQUVXZ,58,CHRIS/CME_K4,FALSE
KA,CME,NYISO Zone A Peak LBMP,FGHJKMNQUVXZ,4,CHRIS/CME_KA,FALSE
KB,CME,NYISO Zone A Off-Peak LBMP,FGHJKMNQUVXZ,2,CHRIS/CME_KB,FALSE
KC,ICE,Coffee C,HKNUZ,6,CHRIS/ICE_KC,FALSE
KG,CME,NYISO Zone G Peak LBMP,FGHJKMNQUVXZ,2,CHRIS/CME_KG,FALSE
KH,CME,NYISO Zone G Off-Peak LBMP,FGHJKMNQUVXZ,2,CHRIS/CME_KH,FALSE
KI,CME,ISO New England Monthly Off Peak LMP Swap Future,FGHJKMNQUVXZ,2,CHRIS/CME_KI,FALSE
KJ,CME,NYISO Zone J Peak LBMP,FGHJKMNQUVXZ,2,CHRIS/CME_KJ,FALSE
KK,CME,NYISO Zone J Off-Peak LBMP,FGHJKMNQUVXZ,2,CHRIS/CME_KK,FALSE
KP,MCX,Kapas,HJ,2,CHRIS/MCX_KP,FALSE
KPK,MCX,Kapaisa Khali,FGZ,1,CHRIS/MCX_KPK,FALSE
KRF,SGX,Platts Kerosene FOB Singapore Index,FGHJKMNQUVXZ,2,CHRIS/SGX_KRF,FALSE
KRU,ICE,Russian Ruble/US Dollar,HMUZ,2,CHRIS/ICE_KRU,FALSE
KS,CME,Singapore Jet Kerosene (Platts),FGHJKMNQUVXZ,5,CHRIS/CME_KS,FALSE
KW,CME,KC HRW Wheat,HKNUZ,6,CHRIS/CME_KW,FALSE
L,LIFFE,Short Sterling,HMUVXZ,16,CHRIS/LIFFE_L,FALSE
L1,CME,PJM Western Hub Peak Calendar-Month Real-Time LMP,FGHJKMNQUVXZ,46,CHRIS/CME_L1,FALSE
L3,CME,PJM Northern Illinois Hub Day-Ahead Off-Peak Calendar-Month 5 MW,FGHJKMNQUVXZ,22,CHRIS/CME_L3,FALSE
L4,CME,Tennessee 800 Leg Natural Gas (Platts Gas Daily/Platts IFERC) Index,H,2,CHRIS/CME_L4,FALSE
L5,CME,PJM PPL Zone Peak Calendar-Month Day-Ahead LMP,FGHJKMNQUVXZ,2,CHRIS/CME_L5,FALSE
L6,CME,PJM PSEG Zone Peak Calendar-Month Day-Ahead LMP 5 MW,FGHJKMNQUVXZ,3,CHRIS/CME_L6,FALSE
L9,CME,ISO New England West Central Massachusetts Zone 5 MW Off-Peak Calendar-Month Day Ahead LMP,FGHJKMNQUVXZ,34,CHRIS/CME_L9,FALSE
LB,CME,Lumber,FHKNUX,2,CHRIS/CME_LB,FALSE
LC,CME,Live Cattle,GJMQVZ,7,CHRIS/CME_LC,FALSE
LGB,MX,30-year Canadian Bond,HMUZ,2,CHRIS/MX_LGB,FALSE
LGB,MX,30-year Canadian Bond,HMUZ,2,CHRIS/MX_LGB,FALSE
LN,CME,Lean Hogs,GJKMNQVZ,10,CHRIS/CME_LN,FALSE
LT,CME,Gulf Coast ULSD (Platts) Up-Down,FGHJKMNQUVXZ,22,CHRIS/CME_LT,FALSE
LY,CME,Gulf Coast ULSD (Platts),FGHJKMNQUVXZ,10,CHRIS/CME_LY,FALSE
M,ICE,UK Natural Gas,FGHJKMNQUVXZ,13,CHRIS/ICE_M,FALSE
M6B,CME,E-micro British Pound/American Dollar,MU,2,CHRIS/CME_M6B,FALSE
M6E,CME,E-micro Euro/American Dollar,MU,2,CHRIS/CME_M6E,FALSE
MBE,CME,Mont Belvieu Spot Ethylene In-Well,FGHJKMNQUVXZ,2,CHRIS/CME_MBE,FALSE
MBN,CME,Mont Belvieu Ethylene (PCW) Financial,FGHJKMNQUVXZ,2,CHRIS/CME_MBN,FALSE
MCC,CME,Indonesian Coal (McCloskey sub-bituminous),FGHJKMNQUVXZ,2,CHRIS/CME_MCC,FALSE
MD,CME,S&P 400 MidCap Index,HMUZ,2,CHRIS/CME_MD,FALSE
ME,CME,Gulf Coast Jet (Platts) Up-Down,FGHJKMNQUVXZ,10,CHRIS/CME_ME,FALSE
MEL,CME,MISO Indiana Hub (formerly Cinergy Hub) Real-Time Peak Calendar-Month 2.5 MW,FGHJKMNQUVXZ,2,CHRIS/CME_MEL,FALSE
MEO,CME,Mini Gasoline Euro-bob Oxy NWE Barges (Argus),FHJKMNQUVXZ,4,CHRIS/CME_MEO,FALSE
MF,CME,Gulf Coast No. 6 Fuel Oil 3.0% (Platts),FGHJKMNQUVXZ,10,CHRIS/CME_MF,FALSE
MFA,LIFFE,Mini AEX Index,FGHJKMNQUVXZ,2,CHRIS/LIFFE_MFA,FALSE
MFC,LIFFE,Mini CAC40 Index,FGHJKMNQUVXZ,2,CHRIS/LIFFE_MFC,FALSE
MFF,CME,Coal (API4) FOB Richards Bay (ARGUS-McCloskey),FGHJKMNQUVXZ,22,CHRIS/CME_MFF,FALSE
MG,CME,Gulf Coast No. 6 Fuel Oil (Platts) Crack Spread,FGHJKMNQUVXZ,2,CHRIS/CME_MG,FALSE
MGC,CME,E-micro Gold,GJMQVZ,2,CHRIS/CME_MGC,FALSE
MJN,CME,Mini Japan C&F Naphtha (Platts),FGHJKMNQUVXZ,2,CHRIS/CME_MJN,FALSE
MM,CME,New York Harbor Residual Fuel 1.0% (Platts),HJKMNQUVXZ,4,CHRIS/CME_MM,FALSE
MNB,CME,Mont Belvieu Normal Butane LDH (OPIS),FGHJKMNQUVXZ,2,CHRIS/CME_MNB,FALSE
MNC,CME,Mini European Naphtha CIF NWE (Platts),HJKMNQU,2,CHRIS/CME_MNC,FALSE
MO,MCX,Mentha Oil,FGHZ,2,CHRIS/MCX_MO,FALSE
MOD,CME,PJM ATSI Zone 5 MW Off-Peak Calendar-Month Day-Ahead,HJK,3,CHRIS/CME_MOD,FALSE
MP,ICE,Sm GBP/USD,HMUZ,2,CHRIS/ICE_MP,FALSE
MP,CME,Mexican Peso,FGHJKMNQUVXZ,2,CHRIS/CME_MP,FALSE
MPE,LIFFE,MSCI Europe Index NTR,HMUZ,3,CHRIS/LIFFE_MPE,FALSE
MPX,CME,NY Harbor ULSD Financial,FGHJKMNQUVXZ,10,CHRIS/CME_MPX,FALSE
MR,SGX,Malaysia SICOM OTC TSR20 Rubber,FHJKMNQUVXZ,2,CHRIS/SGX_MR,FALSE
MTF,CME,Coal (API2) CIF ARA (ARGUS-McCloskey),FGHJKMNQUVXZ,34,CHRIS/CME_MTF,FALSE
MTS,CME,Mini Singapore Fuel Oil 380 cst (Platts),FGHJKMNQUVXZ,4,CHRIS/CME_MTS,FALSE
MW,MGEX,Hard Red Spring Wheat,HKNUZ,6,CHRIS/MGEX_MW,FALSE
N,ICE,NYH RBOB Gasoline,FGHJKMNQUVXZ,6,CHRIS/ICE_N,FALSE
N1,CME,ERCOT West 345 kV Hub 5 MW Peak,FGHJKMNQUVXZ,11,CHRIS/CME_N1,FALSE
N1U,CME,10 Year USD Deliverable Interest Rate Swap,MU,2,CHRIS/CME_N1U,FALSE
N1Y,CME,Nikkei/Yen,HJKMNUZ,2,CHRIS/CME_N1Y,FALSE
N3,CME,PJM Northern Illinois Hub Day-Ahead LMP Peak Calendar-Month 5 MW,FGHJKMNQUVXZ,11,CHRIS/CME_N3,FALSE
N9,CME,PJM Western Hub Real-Time Off-Peak Calendar-Month 5 MW,FGHJKMNQUVXZ,58,CHRIS/CME_N9,FALSE
NCF,ICE,Newcastle Coal,FGHJKMNQUVXZ,2,CHRIS/ICE_NCF,FALSE
ND,SGX,Nikkei Stock Average Dividend Point Index,Z,8,CHRIS/SGX_ND,FALSE
ND,CME,NASDAQ 100,HMUZ,2,CHRIS/CME_ND,FALSE
NE,CME,New Zealand Dollar,HMUZ,2,CHRIS/CME_NE,FALSE
NEN,CME,ANR Oklahoma Natural Gas (Platts IFERC) Basis,FGHJKMNQUVXZ,12,CHRIS/CME_NEN,FALSE
NF,CME,Nonfat Dry Milk,FGHJKMNQUVXZ,4,CHRIS/CME_NF,FALSE
NFN,CME,MichCon Natural Gas (Platts IFERC) Basis,FGHJKMNQUVXZ,2,CHRIS/CME_NFN,FALSE
NG,CME,Natural Gas,FGHJKMNQUVXZ,43,CHRIS/CME_NG,FALSE
NG,MCX,Natural Gas,FGHJKZ,2,CHRIS/MCX_NG,FALSE
NH,CME,Houston Ship Channel Natural Gas (Platts IFERC) Basis,FGHJKMNQUVXZ,9,CHRIS/CME_NH,FALSE
NI,CME,ISO New England Mass Hub Day-Ahead Peak Calendar-Month 2.5 MW,FGHJKMNQUVXZ,2,CHRIS/CME_NI,FALSE
NI,MCX,Nickel,FGHJKMNQUVXZ,2,CHRIS/MCX_NI,FALSE
NIM,MCX,Nickel Mini,FGHJKMNQUVXZ,2,CHRIS/MCX_NIM,FALSE
NJ,CME,San Juan Natural Gas (Platts IFERC) Basis,FGHJKMNQUVXZ,2,CHRIS/CME_NJ,FALSE
NJ,ICE, Norwegian Krone/Swedish Krona,HMUZ,2,CHRIS/ICE_NJ,FALSE
NJF,SGX,Platts Naphtha CFR Japan Index,FGHJKMNQUVXZ,2,CHRIS/SGX_NJF,FALSE
NK,CME,Nikkei 225 Index,HMUZ,2,CHRIS/CME_NK,FALSE
NK,SGX,Nikkei 225 Index,FGHJKMNQUVXZ,10,CHRIS/SGX_NK,FALSE
NK225,OSE,Nikkei 225,HMUZ,2,CHRIS/OSE_NK225,FALSE
NK225M,OSE,Nikkei 225 Mini,FGHJKMNQUVXZ,2,CHRIS/OSE_NK225M,FALSE
NK300,OSE,Nikkei 300,HMUZ,2,CHRIS/OSE_NK300,FALSE
NKN,CME,Sumas Natural Gas (Platts IFERC) Basis,FGHJKMNQUVXZ,2,CHRIS/CME_NKN,FALSE
NKVI,OSE,Nikkei Stock Average Volatility Index,FGHJKMNQUVXZ,2,CHRIS/OSE_NKVI,FALSE
NL,CME,NGPL Mid-Con Natural Gas (Platts IFERC) Basis,FGHJKMNQUVXZ,5,CHRIS/CME_NL,FALSE
NN,CME,Henry Hub Swap,FGHJKMNQUVXZ,60,CHRIS/CME_NN,FALSE
NP,CME,Henry Hub Penultimate NP,FGHJKMNQUVXZ,57,CHRIS/CME_NP,FALSE
NQ,CME,E-mini NASDAQ 100 Index,HMUZ,2,CHRIS/CME_NQ,FALSE
NR,CME,Rockies Natural Gas (Platts IFERC) Basis,FGHJKMNQUVXZ,9,CHRIS/CME_NR,FALSE
NS,CME,SoCal Natural Gas (Platts IFERC) Basis,FGHJKMNQUVXZ,2,CHRIS/CME_NS,FALSE
NT,ICE,US Dollar/Norwegian Krone,HMUZ,2,CHRIS/ICE_NT,FALSE
NU,SGX,USD Nikkei 225 Index,HMUZ,2,CHRIS/SGX_NU,FALSE
NW,CME,Waha Natural Gas (Platts IFERC) Basis,FGHJKMNQUVXZ,2,CHRIS/CME_NW,FALSE
NX,CME,Texas Eastern Zone M-3 Natural Gas (Platts IFERC) Basis,FGHJKMNQUVXZ,7,CHRIS/CME_NX,FALSE
NYF,CME,NY Fuel Oil 1.0% (Platts) vs. European 1% Fuel Oil Cargoes FOB NWE (Platts),HJKMNQU,2,CHRIS/CME_NYF,FALSE
NZ,CME,Transco Zone 6 Natural Gas (Platts IFERC) Basis,FGHJKMNQUVXZ,2,CHRIS/CME_NZ,FALSE
O,CME,Oats,HKNUZ,3,CHRIS/CME_O,FALSE
O,ICE,Heating Oil,FGHJKMNQUVXZ,5,CHRIS/ICE_O,FALSE
O1,CME,ERCOT West 345 kV Hub 5 MW Off-Peak,FGHJKMNQUVXZ,22,CHRIS/CME_O1,FALSE
OFM,CME,Ontario Off-Peak Calendar-Month,FGHJKMNQUVXZ,34,CHRIS/CME_OFM,FALSE
OI,ASX,3-month Overnight Index Swap,HMUZ,4,CHRIS/ASX_OI,FALSE
OIS,MX,Overnight Index Swap,FGHJKMNQUVXZ,2,CHRIS/MX_OIS,FALSE
OJ,ICE,Orange Juice,FHKNUX,7,CHRIS/ICE_OJ,FALSE
ONX,MX,30-day Canadian Overnight Repo Rate,HMUZ,2,CHRIS/MX_ONX,FALSE
OPM,CME,Ontario Peak Calendar-Month,FGHJKMNQUVXZ,22,CHRIS/CME_OPM,FALSE
OR,ODE,Osaka Rice,FGHJKMNQUVXZ,5,CHRIS/ODE_OR,FALSE
OV,CBOE,Crude Oil ETF VIX,FGHJKMNQUVXZ,2,CHRIS/CBOE_OV,FALSE
P,ICE,UK Peak Electricity,FGHJKMNQUVXZMUZ,2,CHRIS/ICE_P,FALSE
P,ICE,UK Peak Electricity,FGHJKMNQUVXZ,2,CHRIS/ICE_P,FALSE
P5,CME,ISO New England South East Massachusetts Zone 5 MW Off-Peak Calendar-Month Day-Ahead LMP,FGHJKMNQUVXZ,2,CHRIS/CME_P5,FALSE
P7,CME,ISO New England North East Massachusetts Zone 5 MW Peak Calendar-Month Day-Ahead LMP,FGHJKMNQUVXZ,2,CHRIS/CME_P7,FALSE
P8,CME,ISO New England North East Massachusetts Zone 5 MW Off-Peak Calendar-Month Day-Ahead LMP,FGHJKMNQUVXZ,22,CHRIS/CME_P8,FALSE
PA,CME,Palladium,HJKMUZ,2,CHRIS/CME_PA,FALSE
PB,SHFE,Lead,FGHJKMNQUVXZ,4,CHRIS/SHFE_PB,FALSE
PB,MCX,Lead,FGHJKMNQUVXZ,2,CHRIS/MCX_PB,FALSE
PBM,MCX,Lead Mini,FGHJKMNQUVXZ,2,CHRIS/MCX_PBM,FALSE
PC,CME,PG&E Citygate Natural Gas (Platts IFERC) Basis,JKMNQUVXZ,2,CHRIS/CME_PC,FALSE
PD,CME,NGPL TexOk Natural Gas (Platts IFERC) Basis,FGHJKMNQUVXZ,19,CHRIS/CME_PD,FALSE
PDM,CME,MISO Indiana Hub Day-Ahead Peak Calendar-Month 5 MW,FGHJKMNQUVXZ,2,CHRIS/CME_PDM,FALSE
PF,CME,Ventura Natural Gas (Platts IFERC) Basis,FGHJKMNQUVXZ,2,CHRIS/CME_PF,FALSE
PG,CME,Dominion South Point Natural Gas (Platts IFERC) Basis,FGHJKMNQUVXZ,11,CHRIS/CME_PG,FALSE
PH,CME,Panhandle Natural Gas (Platts IFERC) Basis,FGHJKMNQUVXZ,21,CHRIS/CME_PH,FALSE
PL,CME,Platinum,FHJKNV,3,CHRIS/CME_PL,FALSE
POT,MCX,Potato,HJKM,2,CHRIS/MCX_POT,FALSE
PSI,LIFFE,PSI 20 Index,HMUZ,2,CHRIS/LIFFE_PSI,FALSE
PTM,CME,MISO Indiana Hub Real-Time Peak Calendar-Month 5 MW,FGHJKMNQUVXZ,10,CHRIS/CME_PTM,FALSE
PZ,CME,Polish Zloty,HMUZ,2,CHRIS/CME_PZ,FALSE
Q,LIFFE,FTSE Eurotop 100 Index,HMUZ,2,CHRIS/LIFFE_Q,FALSE
Q5,CME,NYISO Zone C 5 MW Peak Calendar-Month Day-Ahead LBMP,FGHJKMNQUVXZ,2,CHRIS/CME_Q5,FALSE
QG,CME,E-mini Natural Gas,FGHJKMNQUVXZ,2,CHRIS/CME_QG,FALSE
QL,CME,Coal,FGHJKMNQUVXZ,2,CHRIS/CME_QL,FALSE
QM,CME,E-mini Crude Oil,FGHJKMNQUVXZ,4,CHRIS/CME_QM,FALSE
QP,CME,Powder River Basin Coal (Platts OTC Broker Index),FGHJKMNQUVXZ,6,CHRIS/CME_QP,FALSE
QX,CME,Eastern Rail Delivery CSX Coal,FGHJKMNQUVXZ,9,CHRIS/CME_QX,FALSE
R,LIFFE,Long Gilt,HMUZ,2,CHRIS/LIFFE_R,FALSE
R3,CME,PJM BGE Zone Off-Peak Calendar-Month Day-Ahead LMP,FGHJKMNQUVXZ,27,CHRIS/CME_R3,FALSE
R6,CME,ISO New England West Central Massachusetts Zone 5 MW Peak Calendar-Month Day-Ahead LMP,FGHJKMNQUVXZ,2,CHRIS/CME_R6,FALSE
R7,CME,PJM AEP Dayton Hub Day-Ahead Off-Peak Calendar-Month 5 MW,FGHJKMNQUVXZ,22,CHRIS/CME_R7,FALSE
RA,CME,South African Rand,FGHJKMNQUVXZ,2,CHRIS/CME_RA,FALSE
RB,SHFE,Steel Rebar,FGHJKMNQUVXZ,11,CHRIS/SHFE_RB,FALSE
RB,CME,Gasoline,FGHJKMNQUVXZ,10,CHRIS/CME_RB,FALSE
RBB,CME,RBOB Gasoline Brent Crack Spread,FGHJKMNQUVXZ,10,CHRIS/CME_RBB,FALSE
RC,LIFFE,Coffee,FHKNUX,6,CHRIS/LIFFE_RC,FALSE
RF,CME,Euro/Swiss Franc,HMUZ,2,CHRIS/CME_RF,FALSE
RF,ICE,Russell 1000,HMUZ,2,CHRIS/ICE_RF,FALSE
RG,ICE,Russell Growth,HMUZ,2,CHRIS/ICE_RG,FALSE
RGF,SGX,Singapore Regrade Spread,FGHJKMNQUVXZ,2,CHRIS/SGX_RGF,FALSE
RK,CME,Singapore Jet Kerosene (Platts) vs. Gasoil (Platts),FGHJKMNQUVXZ,10,CHRIS/CME_RK,FALSE
RL,CME,RBOB Gasoline Financial,FGHJKMNQUVXZ,8,CHRIS/CME_RL,FALSE
RM,CME,RBOB Gasoline Crack Spread,HJKMNQUVXZ,10,CHRIS/CME_RM,FALSE
RP,CME,Euro/British Pound,HMUZ,2,CHRIS/CME_RP,FALSE
RR,CME,Rough Rice,FHKNUX,3,CHRIS/CME_RR,FALSE
RS,ICE,Canola,FHKNX,5,CHRIS/ICE_RS,FALSE
RS,ICE,Canola,FHKNX,5,CHRIS/ICE_RS,FALSE
RS,ODE,Raw Sugar,FHKNUX,5,CHRIS/ODE_RS,FALSE
RT,SGX,SICOM RSS3 Rubber,FHJKMNQUVXZ,2,CHRIS/SGX_RT,FALSE
RU,CME,Russian Ruble,FGHJKMNQUVXZ,7,CHRIS/CME_RU,FALSE
RU,SHFE,Natural Rubber,FHJKMNQUVX,2,CHRIS/SHFE_RU,FALSE
RV,ICE,Russell Value,HMUZ,2,CHRIS/ICE_RV,FALSE
RV,CME,Gulf Coast Unl 87 Gasoline M1 (Platts) vs. RBOB Gasoline,HJKMNQUVXZ,7,CHRIS/CME_RV,FALSE
RY,CME,Euro/Japanese Yen,HMUZ,2,CHRIS/CME_RY,FALSE
S,CME,Soybeans,FHKNQUX,10,CHRIS/CME_S,FALSE
S,LIFFE,EUROSWISS Interest Rate,HMUZ,8,CHRIS/LIFFE_S,FALSE
S4,CME,PJM APS Zone Peak Calendar-Month Day-Ahead LMP,FGHJKMNQUVXZ,2,CHRIS/CME_S4,FALSE
SA,CME,5 Year Interest Rate Swap,HMUZ,2,CHRIS/CME_SA,FALSE
SB,ODE,US Soybeans,GJQVZ,5,CHRIS/ODE_SB,FALSE
SB,ICE,Sugar No. 11,HKNUV,6,CHRIS/ICE_SB,FALSE
SCF,MX,Mini S&P/TSX Composite Index,HMUZ,4,CHRIS/MX_SCF,FALSE
SD,CME,Singapore Fuel Oil 180 cst (Platts) vs. 380 cst (Platts),FGHJKMNQUVXZ,2,CHRIS/CME_SD,FALSE
SE,CME,Singapore Fuel Oil 380 cst (Platts),FGHJKMNQUVXZ,3,CHRIS/CME_SE,FALSE
SF,ICE,Sugar,FHKNUX,5,CHRIS/ICE_SF,FALSE
SF,ICE,Sugar No. 16,FHKNUX,5,CHRIS/ICE_SF,FALSE
SF,CME,Swiss Franc,HMUZ,2,CHRIS/CME_SF,FALSE
SG,CME,Singapore Gasoil (Platts),HJKMNQUVXZ,6,CHRIS/CME_SG,FALSE
SG,SGX,MSCI Singapore Index,FGHJKMNQUVXZ,2,CHRIS/SGX_SG,FALSE
SI,CME,Silver,FHJKNUZ,12,CHRIS/CME_SI,FALSE
SI,MCX,Silver,HKNUZ,2,CHRIS/MCX_SI,FALSE
SIM,MCX,Silver Mini,FGHJKMNQUVXZ,2,CHRIS/MCX_SIM,FALSE
SM,CME,Soybean Meal,FHKNQUVZ,11,CHRIS/CME_SM,FALSE
SP,CME,Full-Size S&P 500 Index,HMUZ,3,CHRIS/CME_SP,FALSE
SS,ICE,GBP/CHF,HMUZ,2,CHRIS/ICE_SS,FALSE
SSI,CME,Coal (API 8) cfr South China (Argus/McCloskey),FGHJKMNQUVXZ,2,CHRIS/CME_SSI,FALSE
ST,SGX,FTSE Straits Times Index,FGHJKMNQUVXZ,2,CHRIS/SGX_ST,FALSE
STLRPR,MCX,Steel,FZ,1,CHRIS/MCX_STLRPR,FALSE
SXA,MX,S&P/TSX Global Gold Index,HMUZ,2,CHRIS/MX_SXA,FALSE
SXB,MX,S&P/TSX Capped Financials Index ,HMUZ,2,CHRIS/MX_SXB,FALSE
SXF,MX,S&P/TSX 60 Index,HMUZ,4,CHRIS/MX_SXF,FALSE
SXH,MX,S&P/TSX Capped Information Technology Index,HMUZ,2,CHRIS/MX_SXH,FALSE
SXM,MX,Mini S&P/TSX 60 Index,HMUZ,4,CHRIS/MX_SXM,FALSE
SXY,MX,S&P/TSX Capped Energy Index ,HMUZ,2,CHRIS/MX_SXY,FALSE
SY,ICE,GBP/JPY,HMUZ,2,CHRIS/ICE_SY,FALSE
SZ,CME,Southern Natural Louisiana Natural Gas (Platts IFERC) Basis,FGHJKMNQUVXZ,2,CHRIS/CME_SZ,FALSE
T,LIFFE,Feed Wheat,FHKMX,7,CHRIS/LIFFE_T,FALSE
T,ICE,WTI Crude,FGHJKMNQUVXZ,7,CHRIS/ICE_T,FALSE
T3,CME,NYISO Zone G Day-Ahead Peak Calendar-Month 5 MW,FGHJKMNQUVXZ,34,CHRIS/CME_T3,FALSE
TC,CME,Columbia Gas TCO (Platts IFERC) Basis,FGHJKMNQUVXZ,2,CHRIS/CME_TC,FALSE
TF,ICE,Russell Small-Cap,HMUZ,2,CHRIS/ICE_TF,FALSE
TF,SGX,SICOM Rubber,FHJKMNQUVXZ,5,CHRIS/SGX_TF,FALSE
TFM,ICE,Endex Dutch TTF Gas Base Load,FGHJKMNQUVXZ,2,CHRIS/ICE_TFM,FALSE
TIB,ICE,WTI vs Brent Spread Option,FGHJKMNQUVXZ,4,CHRIS/ICE_TIB,FALSE
TIO,CME,Iron Ore 62% Fe CFR China (TSI),FGHJKMNQUVXZ,4,CHRIS/CME_TIO,FALSE
TN,ASX,10-year New Zealand Government Stock,HMUZ,2,CHRIS/ASX_TN,FALSE
TPI,LIFFE,TOPIX Index,HMUZ,2,CHRIS/LIFFE_TPI,FALSE
TR,CME,Transco Zone 4 Natural Gas (Platts IFERC) Basis,FGHJKMNQUVXZ,2,CHRIS/CME_TR,FALSE
TR,SGX,Thailand SICOM OTC TSR20 Rubber,FHJKMNQUVXZ,2,CHRIS/SGX_TR,FALSE
TR,ODE,Tokyo Rice,FGHJKMNQUVXZ,5,CHRIS/ODE_TR,FALSE
TRY,CME,Turkish Lira,HMUZ,2,CHRIS/CME_TRY,FALSE
TU,CME,2 Year Treasury Note,HMUZ,2,CHRIS/CME_TU,FALSE
TW,SGX,MSCI Taiwan Index,FGHJKMNQUVXZ,2,CHRIS/SGX_TW,FALSE
TY,ASX,3-year New Zealand Government Stock,HMUZ,2,CHRIS/ASX_TY,FALSE
TY,CME,10 Year Treasury Note,HMUZ,2,CHRIS/CME_TY,FALSE
TZ6,CME,Transco Zone 6 Non-N.Y. Natural Gas (Platts IFERC) Basis,FGHJKMNQUVXZ,7,CHRIS/CME_TZ6,FALSE
U3,CME,ISO New England New Hampshire Zone 5 MW Off-Peak Calendar-Month Day-Ahead LMP,FGHJKMNQUVXZ,12,CHRIS/CME_U3,FALSE
U4,CME,ISO New England Rhode Island Zone 5 MW Peak Calendar-Month Day-Ahead LMP,FGHJKMNQUVXZ,8,CHRIS/CME_U4,FALSE
U5,CME,ISO New England Rhode Island Zone 5 MW Off-Peak Calendar-Month Day-Ahead LMP,FGHJKMNQUVXZ,22,CHRIS/CME_U5,FALSE
U6,CME,ISO New England Mass Hub 5 MW Peak Calendar-Month Day-Ahead LMP,FGHJKMNQUVXZ,10,CHRIS/CME_U6,FALSE
UA,CME,Singapore Fuel Oil 180 cst (Platts),FGHJKMNQUVXZ,3,CHRIS/CME_UA,FALSE
UB,ASX,Feed Barley,FHKNUX,7,CHRIS/ASX_UB,FALSE
UB,CME,Dated Brent (Platts) Financial,FGHJKMNQUVXZ,5,CHRIS/CME_UB,FALSE
UL,CME,Ultra Treasury Bond,HMUZ,2,CHRIS/CME_UL,FALSE
ULS,ICE,Low Sulphur Gasoil,FGHJKMNQUVXZ,2,CHRIS/ICE_ULS,FALSE
ULS,ICE,Low Sulphur Gasoil,FGHJKMNQUVXZ,2,CHRIS/ICE_ULS,FALSE
UM,CME,PJM Northern Illinois Hub Real-Time Peak Calendar-Month 2.5 MW,FGHJKMNQUVXZ,2,CHRIS/CME_UM,FALSE
UN,CME,European Naphtha Cargoes CIF NWE (Platts),FGHJKMNQUVXZ,2,CHRIS/CME_UN,FALSE
UO,CME,PJM Northern Illinois Hub Off-Peak LMP,FGHJKMNQUVXZ,2,CHRIS/CME_UO,FALSE
US,CME,30-Year Treasury Bond,HMUZ,2,CHRIS/CME_US,FALSE
US,ASX,Sorghum,FHKNUX,6,CHRIS/ASX_US,FALSE
UV,CME,European 3.5% Fuel Oil Barges FOB Rdam (Platts),FGHJKMNQUVXZ,3,CHRIS/CME_UV,FALSE
UX,CME,UxC Uranium U3O8,FGHJKMNQUVXZ,3,CHRIS/CME_UX,FALSE
V3,CME,PJM AEP Dayton Hub Real-Time Off-Peak Calendar-Month 5 MW,FGHJKMNQUVXZ,58,CHRIS/CME_V3,FALSE
VC,ASX,EA Canola,FHKNUX,6,CHRIS/ASX_VC,FALSE
VCF,SGX,Singapore Visco Spread,FGHJKMNQUVXZ,2,CHRIS/SGX_VCF,FALSE
VM,CME,PJM AEP Dayton Hub Real-Time Peak Calendar-Month 2.5 MW,FGHJKMNQUVXZ,2,CHRIS/CME_VM,FALSE
VN,CBOE,NASDAQ 100 VIX,FGHJKMNQUVXZ,2,CHRIS/CBOE_VN,FALSE
VP,CME,PJM AEP Dayton Hub Off-Peak LMP,FGHJKMNQUVXZ,2,CHRIS/CME_VP,FALSE
VR,CME,NY 1% Fuel Oil (Platts) vs. Gulf Coast 3% Fuel Oil (Platts),FGHJKMNQUVXZ,2,CHRIS/CME_VR,FALSE
VW,ASX,NSW Wheat,FHKNUX,6,CHRIS/ASX_VW,FALSE
VX,CBOE,S&P 500 VIX,FGHJKMNQUVXZ,9,CHRIS/CBOE_VX,FALSE
VXEW,CBOE,Brazil ETF Volatility Index,FGHJKMNQUVXZ,2,CHRIS/CBOE_VXEW,FALSE
W,LIFFE,White Sugar,HKQVZ,8,CHRIS/LIFFE_W,FALSE
W,CME,Wheat,HKNUZ,7,CHRIS/CME_W,FALSE
W4,CME,PJM APS Zone Off-Peak Calendar-Month Day-Ahead LMP,FGHJKMNQUVXZ,34,CHRIS/CME_W4,FALSE
W6,CME,PJM PSEG Zone Off-Peak Calendar-Month Day-Ahead LMP,FGHJKMNQUVXZ,15,CHRIS/CME_W6,FALSE
WA,ICE,Milling Wheat,HKNVZ,11,CHRIS/ICE_WA,FALSE
WA,ICE,Milling Wheat,HKNVZ,11,CHRIS/ICE_WA,FALSE
WCC,CME,Canadian Heavy Crude Oil Index (Net Energy),FGHJKMNQUVXZ,9,CHRIS/CME_WCC,FALSE
WJ,CME,LLS (Argus) vs. WTI Financial,FGHJKMNQUVXZ,22,CHRIS/CME_WJ,FALSE
WK,ASX,WA Wheat,FHKNUX,6,CHRIS/ASX_WK,FALSE
WQ,CME,Gasoil 0.1 Barges FOB Rdam (Platts) vs. Gasoil,HJKMNQUVXZ,2,CHRIS/CME_WQ,FALSE
WR,SHFE,Steel Wire,FGHJKMNQUVXZ,2,CHRIS/SHFE_WR,FALSE
WS,CME,Crude Oil Financial,FGHJKMNQUVXZ,9,CHRIS/CME_WS,FALSE
X1,CME,PJM AECO Zone Off-Peak Calendar-Month Day-Ahead LMP,FGHJKMNQUVXZ,39,CHRIS/CME_X1,FALSE
XAF,CME,E-mini Financial Sector,HM,2,CHRIS/CME_XAF,FALSE
XAK,CME,E-mini Technology Sector,HM,2,CHRIS/CME_XAK,FALSE
XAP,CME,E-mini Consumer Staples Sector,HM,2,CHRIS/CME_XAP,FALSE
XAU,CME,E-mini Utilities Sector,HM,2,CHRIS/CME_XAU,FALSE
XAY,CME,E-mini Consumer Discretionary Sector,HM,2,CHRIS/CME_XAY,FALSE
XFC,LIFFE,CAC40 Dividend Index,Z,3,CHRIS/LIFFE_XFC,FALSE
XN,CME,SoCal Natural Gas (Platts IFERC) Fixed Price,FGHJKMNQUVXZ,2,CHRIS/CME_XN,FALSE
XS,ASX,10-year Australian Interest Rate Swap,HMUZ,2,CHRIS/ASX_XS,FALSE
XZ,LIFFE,FTSE 100 Dividend Index,Z,4,CHRIS/LIFFE_XZ,FALSE
Y,LIFFE,FTSE 250 Index,HMUZ,1,CHRIS/LIFFE_Y,FALSE
Y,ICE,UK Base Electricity,FGHJKMNQUVXZ,2,CHRIS/ICE_Y,FALSE
Y,ICE,UK Base Electricity,FGHJKMNQUVXZ,2,CHRIS/ICE_Y,FALSE
Y1,CME,PJM AECO Zone Peak Calendar-Month Day-Ahead LMP,FGHJKMNQUVXZ,12,CHRIS/CME_Y1,FALSE
Y7,CME,Tennessee 500 Leg Natural Gas (Platts Gas Daily/Platts IFERC) Index,HJKMNQUV,2,CHRIS/CME_Y7,FALSE
YC,CME,Mini-Corn,HKNUZ,3,CHRIS/CME_YC,FALSE
YC,ODE,Corn,GJMQVZ,5,CHRIS/ODE_YC,FALSE
YH,CME,NY Heating Oil (Platts) vs. NY Harbor ULSD,HJKMNQUV,2,CHRIS/CME_YH,FALSE
YK,CME,Mini Soybean,FHKNQUX,3,CHRIS/CME_YK,FALSE
YM,CME,E-mini Dow Jones,HMUZ,2,CHRIS/CME_YM,FALSE
YS,ASX,3-year Australian Interest Rate Swap,HMUZ,2,CHRIS/ASX_YS,FALSE
YT,ASX,3-year Australian Treasury Bonds,HMUZ,2,CHRIS/ASX_YT,FALSE
YW,CME,Mini Wheat,HKNUZ,2,CHRIS/CME_YW,FALSE
YX,CME,Mars (Argus) vs. WTI Financial,FGHJKMNQUVXZ,4,CHRIS/CME_YX,FALSE
YZ,LIFFE,FTSE 100 Declared Dividend Index,Z,2,CHRIS/LIFFE_YZ,FALSE
Z,CME,Euro/Polish Zloty,HMUZ,2,CHRIS/CME_Z,FALSE
Z,LIFFE,FTSE 100 Index,HMUZ,2,CHRIS/LIFFE_Z,FALSE
Z1,CME,Ethanol T2 FOB Rdam Including Duty (Platts),HJKMNQUVXZ,2,CHRIS/CME_Z1,FALSE
Z9,CME,PJM AEP Dayton Hub 5MW Peak Calendar-Month Real-Time LMP,FGHJKMNQUVXZ,34,CHRIS/CME_Z9,FALSE
ZJ,ICE,New Zealand Dollar/Japanese Yen,HMUZ,2,CHRIS/ICE_ZJ,FALSE
ZN,MCX,Zinc,FGHJKMNQUVXZ,2,CHRIS/MCX_ZN,FALSE
ZN,SHFE,Zinc,FGHJKMNQUVXZ,6,CHRIS/SHFE_ZN,FALSE
ZNM,MCX,Zinc Mini,FGHJKMNQUVXZ,2,CHRIS/MCX_ZNM,FALSE
ZR,ICE,US Dollar/South African Rand,HMUZ,2,CHRIS/ICE_ZR,FALSE
